,Close,Signal_ML,Daily_Return,Strategy_Return,Cumulative_Market_Return,Cumulative_Strategy_Return,Cumulative_Max,Drawdown,Cum_Max,Sharpe_Ratio,Max_Drawdown
1,61649.6796875,1,0.02223798894564699,0.02223798894564699,1.022237988945647,1.022237988945647,1.022237988945647,0.0,1.022237988945647,0.8757527346801502,18.655762364763152
2,62940.45703125,1,0.020937291974474137,0.020937291974474137,1.0436408841876013,1.0436408841876013,1.0436408841876013,0.0,1.0436408841876013,,
3,63192.9765625,1,0.004012038411551844,0.004012038411551844,1.0478280115028278,1.0478280115028278,1.0478280115028278,0.0,1.0478280115028278,,
4,63394.83984375,1,0.003194394254405042,0.003194394254405042,1.0511751872823771,1.0511751872823771,1.0511751872823771,0.0,1.0511751872823771,,
5,63648.7109375,1,0.004004601863112578,0.004004601863112578,1.055384725395826,1.055384725395826,1.055384725395826,0.0,1.055384725395826,,
6,63329.80078125,1,-0.005010473135318549,-0.005010473135318549,1.0500967485818047,1.0500967485818047,1.055384725395826,0.00501047313531849,1.055384725395826,,
7,64301.96875,1,0.01535087678718594,0.01535087678718594,1.0662166543839084,1.0662166543839084,1.0662166543839084,0.0,1.0662166543839084,,
8,63143.14453125,1,-0.018021597802944433,-0.018021597802944433,1.0470017266678007,1.0470017266678007,1.0662166543839084,0.018021597802944402,1.0662166543839084,,
9,65181.01953125,1,0.032273891570151925,0.032273891570151925,1.080792546868039,1.080792546868039,1.080792546868039,0.0,1.080792546868039,,
10,65790.6640625,1,0.00935309904070647,0.00935309904070647,1.0909013066013533,1.0909013066013533,1.0909013066013533,0.0,1.0909013066013533,,
11,65887.6484375,1,0.0014741358273548943,0.0014741358273548943,1.0925094433015226,1.0925094433015226,1.0925094433015226,0.0,1.0925094433015226,,
12,65635.3046875,1,-0.003829909793174213,-0.003829909793174213,1.0883252306854867,1.0883252306854867,1.0925094433015226,0.0038299097931742544,1.0925094433015226,,
13,63329.5,1,-0.035130555094979754,-0.035130555094979754,1.0500917612076337,1.0500917612076337,1.0925094433015226,0.03882591803115606,1.0925094433015226,,
14,60837.0078125,1,-0.039357521968434894,-0.039357521968434894,1.0087627516470317,1.0087627516470317,1.0925094433015226,0.07665534807773518,1.0925094433015226,,
15,60632.78515625,1,-0.0033568819965540397,-0.0033568819965540397,1.0053764541272334,1.0053764541272334,1.0925094433015226,0.07975490711638748,1.0925094433015226,,
16,60759.40234375,1,0.0020882627636797935,0.0020882627636797935,1.0074759443398678,1.0074759443398678,1.0925094433015226,0.07783319355545958,1.0925094433015226,,
17,62067.4765625,1,0.021528753876634443,0.021528753876634443,1.0291656459821907,1.0291656459821907,1.0925094433015226,0.057980091346312976,1.0925094433015226,,
18,62089.94921875,1,0.0003620681473552878,0.0003620681473552878,1.029538274080953,1.029538274080953,1.0925094433015226,0.057639015943215036,1.0925094433015226,,
19,62818.953125,1,0.011741093613744757,0.011741093613744757,1.0416261793358708,1.0416261793358708,1.0925094433015226,0.04657466741146372,1.0925094433015226,,
20,62236.66015625,1,-0.009269383518558882,-0.009269383518558882,1.0319709467966354,1.0319709467966354,1.0925094433015226,0.05541233247553643,1.0925094433015226,,
21,62131.96875,1,-0.001682150134457161,-0.001682150134457161,1.0302350167297256,1.0302350167297256,1.0925094433015226,0.0570012707474692,1.0925094433015226,,
22,60582.1015625,1,-0.024944762232405493,-0.024944762232405493,1.0045360491939044,1.0045360491939044,1.0925094433015226,0.08052414983413404,1.0925094433015226,,
23,60274.5,1,-0.005077433013489285,-0.005077433013489285,0.9994355846944871,0.9994355846944871,1.0925094433015226,0.08519272687087237,1.0925094433015226,,
24,62445.08984375,1,0.036011743668549645,0.036011743668549645,1.035427002783732,1.035427002783732,1.0925094433015226,0.05224892184482136,1.0925094433015226,,
25,63193.0234375,1,0.011977460447594401,0.011977460447594401,1.0478287887559454,1.0478287887559454,1.0925094433015226,0.04089727079205271,1.0925094433015226,,
26,62851.375,1,-0.005406426515387475,-0.005406426515387475,1.042163779408829,1.042163779408829,1.0925094433015226,0.046082589218223016,1.0925094433015226,,
27,66046.125,1,0.050830232433260125,0.050830232433260125,1.0951372065497047,1.0951372065497047,1.0951372065497047,0.0,1.0951372065497047,,
28,67041.109375,1,0.015064992457922477,0.015064992457922477,1.1116354403067663,1.1116354403067663,1.1116354403067663,0.0,1.1116354403067663,,
29,67612.71875,1,0.008526251733136592,0.008526251733136592,1.121113523906298,1.121113523906298,1.121113523906298,0.0,1.121113523906298,,
30,67399.8359375,1,-0.0031485616380424464,-0.0031485616380424464,1.117583628873036,1.117583628873036,1.121113523906298,0.0031485616380423484,1.121113523906298,,
31,68418.7890625,1,0.015118035686984221,0.015118035686984221,1.134479298057528,1.134479298057528,1.134479298057528,0.0,1.134479298057528,,
32,68362.734375,1,-0.0008192879217548965,-0.0008192879217548965,1.1335498328711484,1.1335498328711484,1.134479298057528,0.0008192879217549764,1.134479298057528,,
33,69001.703125,1,0.009346740674458287,0.009346740674458287,1.1441448292005705,1.1441448292005705,1.1441448292005705,0.0,1.1441448292005705,,
34,67367.8515625,1,-0.023678423698328066,-0.023678423698328066,1.1170532831625082,1.1170532831625082,1.1441448292005705,0.02367842369832806,1.1441448292005705,,
35,67361.40625,1,-9.567341618454961e-05,-9.567341618454961e-05,1.1169464108588478,1.1169464108588478,1.1441448292005705,0.02377183171882755,1.1441448292005705,,
36,66432.1953125,1,-0.01379441121005398,-0.01379441121005398,1.101538792767867,1.101538792767867,1.1441448292005705,0.03723832450693577,1.1441448292005705,,
37,68161.0546875,1,0.02602442034118191,0.02602442034118191,1.130205701332976,1.130205701332976,1.1441448292005705,0.012183009975523722,1.1441448292005705,,
38,66642.4140625,1,-0.022280180844656217,-0.022280180844656217,1.1050245139156158,1.1050245139156158,1.1441448292005705,0.034191751154693,1.1441448292005705,,
39,67014.6953125,1,0.00558625096700216,0.00558625096700216,1.1111974581750381,1.1111974581750381,1.1441448292005705,0.028796503890642176,1.1441448292005705,,
40,67929.296875,1,0.01364777618155344,0.01364777618155344,1.1263628323777222,1.1263628323777222,1.1441448292005705,0.015541735948999423,1.1441448292005705,,
41,69907.7578125,1,0.029125296867722028,0.029125296867722028,1.1591684842514915,1.1591684842514915,1.1591684842514915,0.0,1.1591684842514915,,
42,72720.4921875,1,0.04023493905417541,0.04023493905417541,1.2058075575688711,1.2058075575688711,1.2058075575688711,0.0,1.2058075575688711,,
43,72339.5390625,1,-0.005238593875544262,-0.005238593875544262,1.1994908214827058,1.1994908214827058,1.2058075575688711,0.005238593875544319,1.2058075575688711,,
44,70215.1875,1,-0.029366396164960396,-0.029366396164960396,1.1642660988228108,1.1642660988228108,1.2058075575688711,0.03445115141740817,1.2058075575688711,,
45,69482.46875,1,-0.010435331387529279,-0.010435331387529279,1.1521165962583289,1.1521165962583289,1.2058075575688711,0.04452697362321489,1.2058075575688711,,
46,69289.2734375,1,-0.0027804900426771084,-0.0027804900426771084,1.1489131475344296,1.1489131475344296,1.2058075575688711,0.04718365685910201,1.2058075575688711,,
47,68741.1171875,1,-0.00791112711687536,-0.00791112711687536,1.1398239495780353,1.1398239495780353,1.2058075575688711,0.05472150806872603,1.2058075575688711,,
48,67811.5078125,1,-0.013523338185854272,-0.013523338185854272,1.1244097248355556,1.1244097248355556,1.2058075575688711,0.06750482879492688,1.2058075575688711,,
49,69359.5625,1,0.02282879023690776,0.02282879023690776,1.1500786385841657,1.1500786385841657,1.2058075575688711,0.04621709213455682,1.2058075575688711,,
50,75639.078125,1,0.09053568676993895,0.09053568676993895,1.2542017979678195,1.2542017979678195,1.2542017979678195,0.0,1.2542017979678195,,
51,75904.859375,1,0.003513808689745934,0.003513808689745934,1.2586088231442139,1.2586088231442139,1.2586088231442139,0.0,1.2586088231442139,,
52,76545.4765625,1,0.008439738809541852,0.008439738809541852,1.2692311528749358,1.2692311528749358,1.2692311528749358,0.0,1.2692311528749358,,
53,76778.8671875,1,0.0030490452928257916,0.0030490452928257916,1.273101096147117,1.273101096147117,1.273101096147117,0.0,1.273101096147117,,
54,80474.1875,1,0.048129393514959595,0.048129393514959595,1.334374679787908,1.334374679787908,1.334374679787908,0.0,1.334374679787908,,
55,88701.484375,1,0.10223522760015435,0.10223522760015435,1.4707947788799078,1.4707947788799078,1.4707947788799078,0.0,1.4707947788799078,,
56,87955.8125,1,-0.008406532091926988,-0.008406532091926988,1.4584304953706153,1.4584304953706153,1.4707947788799078,0.008406532091926938,1.4707947788799078,,
57,90584.1640625,1,0.029882636380625716,0.029882636380625716,1.5020122435501913,1.5020122435501913,1.5020122435501913,0.0,1.5020122435501913,,
58,87250.4296875,1,-0.03680261786927608,-0.03680261786927608,1.4467342609158396,1.4467342609158396,1.5020122435501913,0.03680261786927606,1.5020122435501913,,
59,91066.0078125,1,0.04373133907381366,0.04373133907381366,1.5100018874296532,1.5100018874296532,1.5100018874296532,0.0,1.5100018874296532,,
60,90558.4765625,1,-0.005573223886622736,-0.005573223886622736,1.501586308841785,1.501586308841785,1.5100018874296532,0.005573223886622726,1.5100018874296532,,
61,89845.8515625,1,-0.007869224693816235,-0.007869224693816235,1.4897699887803508,1.4897699887803508,1.5100018874296532,0.013398591629406134,1.5100018874296532,,
62,90542.640625,1,0.007755383808848215,0.007755383808848215,1.501323726830246,1.501323726830246,1.5100018874296532,0.005747119041141982,1.5100018874296532,,
63,92343.7890625,1,0.019892819836786257,0.019892819836786257,1.5311892892447725,1.5311892892447725,1.5311892892447725,0.0,1.5311892892447725,,
64,94339.4921875,1,0.02161166598491282,0.02161166598491282,1.5642808407236066,1.5642808407236066,1.5642808407236066,0.0,1.5642808407236066,,
65,98504.7265625,1,0.044151545428309014,0.044151545428309014,1.6333462573254485,1.6333462573254485,1.6333462573254485,0.0,1.6333462573254485,,
66,98997.6640625,1,0.005004201495724558,0.005004201495724558,1.6415198511093927,1.6415198511093927,1.6415198511093927,0.0,1.6415198511093927,,
67,97777.28125,1,-0.012327389984975179,-0.012327389984975179,1.6212841957366888,1.6212841957366888,1.6415198511093927,0.012327389984975186,1.6415198511093927,,
68,98013.8203125,1,0.002419161787646784,0.002419161787646784,1.6252063445099307,1.6252063445099307,1.6415198511093927,0.009938050148121423,1.6415198511093927,,
69,93102.296875,1,-0.05011051933125821,-0.05011051933125821,1.5437664105660824,1.5437664105660824,1.6415198511093927,0.059550568625317137,1.6415198511093927,,
70,91985.3203125,1,-0.011997304040733403,-0.011997304040733403,1.5252453755706494,1.5252453755706494,1.6415198511093927,0.07083342638845408,1.6415198511093927,,
71,95962.53125,1,0.04323745271515378,0.04323745271515378,1.5911931003758923,1.5911931003758923,1.6415198511093927,0.03065863059742341,1.6415198511093927,,
72,95652.46875,1,-0.0032310787967048116,-0.0032310787967048116,1.5860518300878048,1.5860518300878048,1.6415198511093927,0.03379064894286888,1.6415198511093927,,
73,97461.5234375,1,0.018912786163713058,0.018912786163713058,1.6160484891948212,1.6160484891948212,1.6415198511093927,0.01551693809694538,1.6415198511093927,,
74,96449.0546875,1,-0.010388394458550332,-0.010388394458550332,1.5992603400249212,1.5992603400249212,1.6415198511093927,0.025744136481755674,1.6415198511093927,,
75,97279.7890625,1,0.008613193542348574,0.008613193542348574,1.613035078858158,1.613035078858158,1.6415198511093927,0.01735268216950514,1.6415198511093927,,
76,95865.3046875,1,-0.01454037255458307,-0.01454037255458307,1.589580947867949,1.589580947867949,1.6415198511093927,0.03164074026052239,1.6415198511093927,,
77,96002.1640625,1,0.0014276215513644441,0.0014276215513644441,1.5918502678867636,1.5918502678867636,1.6415198511093927,0.03025828971185497,1.6415198511093927,,
78,98768.53125,1,0.02881567529768403,0.02881567529768403,1.63772050832872,1.63772050832872,1.6415198511093927,0.002314527465570947,1.6415198511093927,,
79,96593.5703125,1,-0.022020788503929523,-0.022020788503929523,1.6016566113862654,1.6016566113862654,1.6415198511093927,0.024284348249694606,1.6415198511093927,,
80,99920.7109375,1,0.03444474217316973,0.03444474217316973,1.6568252604154179,1.6568252604154179,1.6568252604154179,0.0,1.6568252604154179,,
81,99923.3359375,1,2.627082989481444e-05,2.627082989481444e-05,1.6568687865899996,1.6568687865899996,1.6568687865899996,0.0,1.6568687865899996,,
82,101236.015625,1,0.013136868131795154,0.013136868131795154,1.67863485335112,1.67863485335112,1.67863485335112,0.0,1.67863485335112,,
83,97432.71875,1,-0.03756861480096407,-0.03756861480096407,1.615570867154099,1.615570867154099,1.67863485335112,0.037568614800964066,1.67863485335112,,
84,96675.4296875,1,-0.007772430783165474,-0.007772430783165474,1.603013954413845,1.603013954413845,1.67863485335112,0.045049046125969626,1.67863485335112,,
85,101173.03125,1,0.04652269534294651,0.04652269534294651,1.6775904842455323,1.6775904842455323,1.67863485335112,0.0006221538314320012,1.67863485335112,,
86,100043.0,1,-0.011169293200355757,-0.011169293200355757,1.6588529842568671,1.6588529842568671,1.67863485335112,0.011784498013228766,1.67863485335112,,
87,101459.2578125,1,0.014156490833941326,0.014156490833941326,1.6823365213233556,1.6823365213233556,1.6823365213233556,0.0,1.6823365213233556,,
88,101372.96875,1,-0.0008504799301751742,-0.0008504799301751742,1.6809057278761694,1.6809057278761694,1.6823365213233556,0.0008504799301751654,1.6823365213233556,,
89,104298.6953125,1,0.02886101293644905,0.02886101293644905,1.729418369833355,1.729418369833355,1.729418369833355,0.0,1.729418369833355,,
90,106029.71875,1,0.016596788984881483,0.016596788984881483,1.7581211615840568,1.7581211615840568,1.7581211615840568,0.0,1.7581211615840568,,
91,106140.6015625,1,0.001045771070669721,0.001045771070669721,1.7599597538335736,1.7599597538335736,1.7599597538335736,0.0,1.7599597538335736,,
92,100041.5390625,1,-0.057462106019896764,-0.057462106019896764,1.6588287598680374,1.6588287598680374,1.7599597538335736,0.05746210601989679,1.7599597538335736,,
93,97490.953125,1,-0.025495268879325628,-0.025495268879325628,1.6165364746104434,1.6165364746104434,1.7599597538335736,0.08149236305587289,1.7599597538335736,,
94,97755.9296875,1,0.002717960528709318,0.002717960528709318,1.6209301569416534,1.6209301569416534,1.7599597538335736,0.07899589555334069,1.7599597538335736,,
95,97224.7265625,1,-0.005433973434635808,-0.005433973434635808,1.6121220655294324,1.6121220655294324,1.7599597538335736,0.08400060739009442,1.7599597538335736,,
96,95104.9375,1,-0.021802983021374844,-0.021802983021374844,1.5769729955063103,1.5769729955063103,1.7599597538335736,0.10397212659475792,1.7599597538335736,,
97,94686.2421875,1,-0.004402456102765462,-0.004402456102765462,1.5700304411183472,1.5700304411183472,1.7599597538335736,0.10791684997427879,1.7599597538335736,,
98,98676.09375,1,0.04213760595334648,0.04213760595334648,1.6361877651809509,1.6361877651809509,1.7599597538335736,0.07032660172087488,1.7599597538335736,,
99,99299.1953125,1,0.0063146152104343045,0.0063146152104343045,1.646519661330089,1.646519661330089,1.7599597538335736,0.0644560719393654,1.7599597538335736,,
100,95795.515625,1,-0.03528406928650052,-0.03528406928650052,1.5884237475181326,1.5884237475181326,1.7599597538335736,0.09746586871762175,1.7599597538335736,,
101,94164.859375,1,-0.017022260795415023,-0.017022260795415023,1.5613851842342485,1.5613851842342485,1.7599597538335736,0.11282904007707371,1.7599597538335736,,
102,95163.9296875,1,0.010609799867287384,0.010609799867287384,1.5779511685547216,1.5779511685547216,1.7599597538335736,0.1034163337442222,1.7599597538335736,,
103,93530.2265625,1,-0.017167251608511402,-0.017167251608511402,1.5508620838181981,1.5508620838181981,1.7599597538335736,0.11880821113091676,1.7599597538335736,,
104,92643.2109375,1,-0.00948373223930199,-0.00948373223930199,1.5361541230751805,1.5361541230751805,1.7599597538335736,0.12716519810802263,1.7599597538335736,,
105,93429.203125,1,0.008484077565384274,0.008484077565384274,1.5491869738077353,1.5491869738077353,1.7599597538335736,0.11975999994700422,1.7599597538335736,,
106,94419.7578125,1,0.010602195613021781,0.010602195613021781,1.5656117571451902,1.5656117571451902,1.7599597538335736,0.11042752328003602,1.7599597538335736,,
107,96886.875,1,0.026129247147606893,0.026129247147606893,1.6065200136848359,1.6065200136848359,1.7599597538335736,0.08718366418011136,1.7599597538335736,,
108,98107.4296875,1,0.012597729955682757,0.012597729955682757,1.6267585189856373,1.6267585189856373,1.7599597538335736,0.07568425048231653,1.7599597538335736,,
109,98236.2265625,1,0.0013128146911018934,0.0013128146911018934,1.6288941514682367,1.6288941514682367,1.7599597538335736,0.07447079518713291,1.7599597538335736,,
110,98314.9609375,1,0.0008014800420892421,0.0008014800420892421,1.6301996776213143,1.6301996776213143,1.7599597538335736,0.07372900200110469,1.7599597538335736,,
111,102078.0859375,1,0.03827621924594227,0.03827621924594227,1.6925975578966121,1.6925975578966121,1.7599597538335736,0.03827485020054124,1.7599597538335736,,
112,96922.703125,1,-0.05050430525956884,-0.05050430525956884,1.607114094151001,1.607114094151001,1.7599597538335736,0.08684611074181767,1.7599597538335736,,
113,95043.5234375,1,-0.019388436629511285,-0.019388436629511285,1.5759546643801599,1.5759546643801599,1.7599597538335736,0.10455073705669167,1.7599597538335736,,
114,92484.0390625,1,-0.026929603222076492,-0.026929603222076492,1.5335148305724213,1.5335148305724213,1.7599597538335736,0.12866483041325585,1.7599597538335736,,
115,94701.453125,1,0.023976181025154863,0.023976181025154863,1.5702826597549855,1.5702826597549855,1.7599597538335736,0.10777354065366002,1.7599597538335736,,
116,94566.59375,1,-0.001424047578467369,-0.001424047578467369,1.568046502535852,1.568046502535852,1.7599597538335736,0.1090441135825367,1.7599597538335736,,
117,94488.4375,1,-0.0008264678561502592,-0.0008264678561502592,1.5667505625045575,1.5667505625045575,1.7599597538335736,0.10978045998390853,1.7599597538335736,,
118,94516.5234375,1,0.00029724205673309356,0.00029724205673309356,1.567216266664144,1.567216266664144,1.7599597538335736,0.10951584929689018,1.7599597538335736,,
119,96534.046875,1,0.021345722040169157,0.021345722040169157,1.6006696294691884,1.6006696294691884,1.7599597538335736,0.0905078221348055,1.7599597538335736,,
120,100504.4921875,1,0.041129999632577796,0.041129999632577796,1.6665051707411347,1.6665051707411347,1.7599597538335736,0.053100409193377635,1.7599597538335736,,
121,99756.90625,1,-0.0074383335632930425,-0.0074383335632930425,1.6541091493962095,1.6541091493962095,1.7599597538335736,0.06014376420074301,1.7599597538335736,,
122,104462.0390625,1,0.04716598568833419,0.04716598568833419,1.7321268378635737,1.7321268378635737,1.7599597538335736,0.01581451843394362,1.7599597538335736,,
123,104408.0703125,1,-0.000516635042589142,-0.000516635042589142,1.7312319604409243,1.7312319604409243,1.7599597538335736,0.016322983142128076,1.7599597538335736,,
124,101089.609375,1,-0.03178356737719257,-0.03178356737719257,1.676207232780701,1.676207232780701,1.7599597538335736,0.04758774788482608,1.7599597538335736,,
125,102016.6640625,1,0.009170622908047932,0.009170622908047932,1.6915790972282754,1.6915790972282754,1.7599597538335736,0.03885353426767309,1.7599597538335736,,
126,106146.265625,1,0.040479676535688514,0.040479676535688514,1.760053671918608,1.760053671918608,1.760053671918608,0.0,1.760053671918608,,
127,103653.0703125,1,-0.023488299826845638,-0.023488299826845638,1.718713003561243,1.718713003561243,1.760053671918608,0.02348829982684568,1.760053671918608,,
128,103960.171875,1,0.002962783076025932,0.002962783076025932,1.72380517736074,1.72380517736074,1.760053671918608,0.02059510748803138,1.760053671918608,,
129,104819.484375,1,0.008265785680243276,0.008265785680243276,1.7380537815112975,1.7380537815112975,1.760053671918608,0.012499556552345747,1.760053671918608,,
130,104714.6484375,1,-0.0010001569662844156,-0.0010001569662844156,1.7363154549139421,1.7363154549139421,1.760053671918608,0.013487212000068815,1.760053671918608,,
131,102682.5,1,-0.019406534499448846,-0.019406534499448846,1.7026195891362286,1.7026195891362286,1.760053671918608,0.0326320064545369,1.760053671918608,,
132,102087.6875,1,-0.005792734886665207,-0.005792734886665207,1.6927567652435196,1.6927567652435196,1.760053671918608,0.03823571277899101,1.760053671918608,,
133,101332.4765625,1,-0.007397669160641884,-0.007397669160641884,1.6802343107248097,1.6802343107248097,1.760053671918608,0.0453505267863726,1.760053671918608,,
134,103703.2109375,1,0.023395602825692086,0.023395602825692086,1.7195444053126279,1.7195444053126279,1.760053671918608,0.023015926873310374,1.760053671918608,,
135,104735.3046875,1,0.009952379879751394,0.009952379879751394,1.7366579644544002,1.7366579644544002,1.760053671918608,0.0132926102410868,1.760053671918608,,
136,102405.0234375,1,-0.022249243050878498,-0.022249243050878498,1.6980186393070105,1.6980186393070105,1.760053671918608,0.03524610277593071,1.760053671918608,,
137,100655.90625,1,-0.017080384621634526,-0.017080384621634526,1.6690158278529423,1.6690158278529423,1.760053671918608,0.05172447040573862,1.760053671918608,,
138,97688.9765625,1,-0.02947596219670423,-0.02947596219670423,1.619819980405448,1.619819980405448,1.760053671918608,0.07967580406811871,1.760053671918608,,
139,101405.421875,1,0.03804365081173988,0.03804365081173988,1.6814438461178722,1.6814438461178722,1.760053671918608,0.04466331172449096,1.760053671918608,,
140,97871.8203125,1,-0.034846278405663456,-0.034846278405663456,1.6228517857325593,1.6228517857325593,1.760053671918608,0.07795323993528389,1.760053671918608,,
141,96615.4453125,1,-0.012836943218062724,-0.012836943218062724,1.6020193295077787,1.6020193295077787,1.760053671918608,0.08978950183863336,1.760053671918608,,
142,96593.296875,0,-0.00022924323774897726,-0.00022924323774897726,1.6016520774097458,1.6016520774097458,1.760053671918608,0.08999816144026504,1.760053671918608,,
143,96529.0859375,0,-0.0006647556256734743,-0.0,1.6005873701809161,1.6016520774097458,1.760053671918608,0.08999816144026504,1.760053671918608,,
144,96482.453125,0,-0.00048309597099249757,-0.0,1.5998141328711601,1.6016520774097458,1.760053671918608,0.08999816144026504,1.760053671918608,,
145,96500.09375,0,0.00018283765004545316,0.0,1.6001066391277239,1.6016520774097458,1.760053671918608,0.08999816144026504,1.760053671918608,,
146,97437.5546875,0,0.009714611676219231,0.0,1.61565105376739,1.6016520774097458,1.760053671918608,0.08999816144026504,1.760053671918608,,
147,95747.4296875,0,-0.017345724709743937,-0.0,1.5876264153617332,1.6016520774097458,1.760053671918608,0.08999816144026504,1.760053671918608,,
148,97885.859375,0,0.02233406885677658,0.0,1.6230845730412595,1.6016520774097458,1.760053671918608,0.08999816144026504,1.760053671918608,,
149,96623.8671875,0,-0.012892487184132717,-0.0,1.6021589759845616,1.6016520774097458,1.760053671918608,0.08999816144026504,1.760053671918608,,
150,97508.96875,0,0.009160278803397981,0.0,1.6168351988919467,1.6016520774097458,1.760053671918608,0.08999816144026504,1.760053671918608,,
151,97580.3515625,0,0.0007320640697474623,0.0,1.6180188258477586,1.6016520774097458,1.760053671918608,0.08999816144026504,1.760053671918608,,
152,96175.03125,0,-0.014401672980240199,-0.0,1.594716647842027,1.6016520774097458,1.760053671918608,0.08999816144026504,1.760053671918608,,
153,95773.3828125,0,-0.004176223623530095,-0.0,1.5880567545044724,1.6016520774097458,1.760053671918608,0.08999816144026504,1.760053671918608,,
154,95539.546875,0,-0.0024415545387781457,-0.0,1.5841794273276746,1.6016520774097458,1.760053671918608,0.08999816144026504,1.760053671918608,,
155,96635.609375,0,0.011472343504350446,0.0,1.6023536778905028,1.6016520774097458,1.760053671918608,0.08999816144026504,1.760053671918608,,
156,98333.9375,0,0.017574558032842136,0.0,1.6305143355917275,1.6016520774097458,1.760053671918608,0.08999816144026504,1.760053671918608,,
157,96125.546875,0,-0.02245807176184722,-0.0,1.5938961276342878,1.6016520774097458,1.760053671918608,0.08999816144026504,1.760053671918608,,
158,96577.7578125,0,0.0047043783073406065,0.0,1.6013944180012847,1.6016520774097458,1.760053671918608,0.08999816144026504,1.760053671918608,,
159,96273.921875,0,-0.0031460239332733453,-0.0,1.5963563928356423,1.6016520774097458,1.760053671918608,0.08999816144026504,1.760053671918608,,
160,91418.171875,0,-0.05043681513571874,-0.0,1.5158412605594682,1.6016520774097458,1.760053671918608,0.08999816144026504,1.760053671918608,,
161,88736.171875,0,-0.029337712021491935,-0.0,1.4713699461868792,1.6016520774097458,1.760053671918608,0.08999816144026504,1.760053671918608,,
162,84347.0234375,0,-0.04946290046952739,-0.0,1.3985917209847838,1.6016520774097458,1.760053671918608,0.08999816144026504,1.760053671918608,,
163,84704.2265625,0,0.004234922709094535,0.0,1.4045146488247338,1.6016520774097458,1.760053671918608,0.08999816144026504,1.760053671918608,,
164,84373.0078125,0,-0.003910297790814532,-0.0,1.3990225782962677,1.6016520774097458,1.760053671918608,0.08999816144026504,1.760053671918608,,
165,86031.9140625,0,0.019661575342751147,0.0,1.4265295661256499,1.6016520774097458,1.760053671918608,0.08999816144026504,1.760053671918608,,
166,94248.3515625,0,0.09550452979612856,0.0,1.5627696015787553,1.6016520774097458,1.760053671918608,0.08999816144026504,1.760053671918608,,
167,86065.671875,0,-0.08682040111941614,-0.0,1.4270893179124577,1.6016520774097458,1.760053671918608,0.08999816144026504,1.760053671918608,,
168,87222.1953125,0,0.013437685575495406,0.0,1.4462660954547135,1.6016520774097458,1.760053671918608,0.08999816144026504,1.760053671918608,,
169,90623.5625,0,0.03899657851208138,0.0,1.5026655247954745,1.6016520774097458,1.760053671918608,0.08999816144026504,1.760053671918608,,
170,89961.7265625,0,-0.007303133084179958,-0.0,1.491691358486884,1.6016520774097458,1.760053671918608,0.08999816144026504,1.760053671918608,,
171,86742.671875,0,-0.0357824911826653,-0.0,1.438314925604569,1.6016520774097458,1.760053671918608,0.08999816144026504,1.760053671918608,,
172,86154.59375,0,-0.006779571257010009,-0.0,1.4285637670764118,1.6016520774097458,1.760053671918608,0.08999816144026504,1.760053671918608,,
173,80601.0390625,0,-0.0644603432710168,-0.0,1.3364780562661294,1.6016520774097458,1.760053671918608,0.08999816144026504,1.760053671918608,,
174,78532.0,0,-0.02567012890361897,-0.0,1.3021704922849198,1.6016520774097458,1.760053671918608,0.08999816144026504,1.760053671918608,,
175,82862.2109375,0,0.05513944554449135,0.0,1.3739714512339076,1.6016520774097458,1.760053671918608,0.08999816144026504,1.760053671918608,,
176,83722.359375,0,0.010380466895202334,0.0,1.3882339163983943,1.6016520774097458,1.760053671918608,0.08999816144026504,1.760053671918608,,
177,81066.703125,0,-0.0317197970748182,-0.0,1.3441994182778572,1.6016520774097458,1.760053671918608,0.08999816144026504,1.760053671918608,,
178,83969.1015625,0,0.03580259620308812,0.0,1.3923252472668852,1.6016520774097458,1.760053671918608,0.08999816144026504,1.760053671918608,,
179,84343.109375,0,0.004454112352525463,0.0,1.3985268203494696,1.6016520774097458,1.760053671918608,0.08999816144026504,1.760053671918608,,
180,82579.6875,0,-0.020907717157540473,-0.0,1.3692868171523684,1.6016520774097458,1.760053671918608,0.08999816144026504,1.760053671918608,,
181,84075.6875,0,0.018115835083536647,0.0,1.3940925913139615,1.6016520774097458,1.760053671918608,0.08999816144026504,1.760053671918608,,
182,82718.5,0,-0.016142449028442418,-0.0,1.3715885227177467,1.6016520774097458,1.760053671918608,0.08999816144026504,1.760053671918608,,
183,86854.2265625,0,0.049997601050550955,0.0,1.440164658482103,1.6016520774097458,1.760053671918608,0.08999816144026504,1.760053671918608,,
184,84167.1953125,0,-0.030937253791171848,-0.0,1.3956099189415658,1.6016520774097458,1.760053671918608,0.08999816144026504,1.760053671918608,,
185,84043.2421875,0,-0.0014727011460912154,-0.0,1.3935546026144443,1.6016520774097458,1.760053671918608,0.08999816144026504,1.760053671918608,,
186,83832.484375,0,-0.0025077306278807887,-0.0,1.3900599430558438,1.6016520774097458,1.760053671918608,0.08999816144026504,1.760053671918608,,
187,86054.375,0,0.026503933905394295,0.0,1.426901999911132,1.6016520774097458,1.760053671918608,0.08999816144026504,1.760053671918608,,
188,87498.9140625,1,0.016786352378946434,0.0,1.4508544796918637,1.6016520774097458,1.760053671918608,0.08999816144026504,1.760053671918608,,
189,87471.703125,1,-0.0003109860024155253,-0.0003109860024155253,1.4504032842571377,1.6011539860329316,1.760053671918608,0.09028115927422953,1.760053671918608,,
190,86900.8828125,1,-0.00652577110204744,-0.00652577110204744,1.4409382844184178,1.5907052216209498,1.760053671918608,0.09621777619602584,1.760053671918608,,
191,87177.1015625,1,0.003178549412391707,0.003178549412391707,1.4455183779556486,1.5957613567684215,1.760053671918608,0.09334505973962369,1.760053671918608,,
192,84353.1484375,1,-0.032393289916566204,-0.032393289916566204,1.3986932820588067,1.5440693965009689,1.760053671918608,0.12271459607376513,1.760053671918608,,
193,82597.5859375,1,-0.020812056603918605,-0.020812056603918605,1.3695835983010782,1.5119341368206123,1.760053671918608,0.1409727095580695,1.760053671918608,,
194,82334.5234375,1,-0.0031848691098436133,-0.0031848691098436133,1.3652216538055006,1.5071188244921343,1.760053671918608,0.14370859903991062,1.760053671918608,,
195,82548.9140625,1,0.0026038970780313253,0.0026038970780313253,1.36877655048071,1.5110432067954753,1.760053671918608,0.14147890436300734,1.760053671918608,,
196,85169.171875,1,0.0317418810684309,0.0317418810684309,1.4122240929553258,1.5590065605548378,1.760053671918608,0.1142278298505589,1.760053671918608,,
197,82485.7109375,1,-0.031507420800550134,-0.031507420800550134,1.367728554193907,1.5098862848206183,1.760053671918608,0.14213622634887377,1.760053671918608,,
198,83102.828125,1,0.007481504135517403,0.007481504135517403,1.377961221028374,1.5211825053046648,1.760053671918608,0.13571811497859226,1.760053671918608,,
199,83843.8046875,1,0.008916382019940938,0.008916382019940938,1.3902476496837273,1.5347459496440121,1.760053671918608,0.1280118475188267,1.760053671918608,,
200,83504.796875,1,-0.004043325726492686,-0.004043325726492686,1.3846264255955651,1.528540471862186,1.760053671918608,0.13153757964895066,1.760053671918608,,
201,78214.484375,1,-0.06335339642726368,-0.06335339642726368,1.2969056387511442,1.4317022413931844,1.760053671918608,0.18655762364763154,1.760053671918608,,
202,79235.3359375,0,0.013051950296130821,0.013051950296130821,1.313832786686896,1.4503887478867072,1.760053671918608,0.1759406141827139,1.760053671918608,,
203,76271.953125,0,-0.03739976334343409,-0.0,1.2646957513919614,1.4503887478867072,1.760053671918608,0.1759406141827139,1.760053671918608,,
204,82573.953125,0,0.0826253916648998,0.0,1.369191733187657,1.4503887478867072,1.760053671918608,0.1759406141827139,1.760053671918608,,
205,79626.140625,1,-0.0356990599146636,-0.0,1.3203128754699287,1.4503887478867072,1.760053671918608,0.1759406141827139,1.760053671918608,,
206,83404.8359375,1,0.04745546227457886,0.04745546227457886,1.3829689333224326,1.5192176163955184,1.760053671918608,0.13683449508704912,1.760053671918608,,
207,85287.109375,1,0.022567917271733462,0.022567917271733462,1.4141796617990308,1.5535031938800925,1.760053671918608,0.11735464738035965,1.760053671918608,,
208,83684.9765625,1,-0.01878516957885823,-0.01878516957885823,1.3876140570371636,1.5243203729417572,1.760053671918608,0.1339352900073107,1.760053671918608,,
209,84542.390625,1,0.010245734631468162,0.010245734631468162,1.4018311824364613,1.539938154976259,1.760053671918608,0.12506182081504616,1.760053671918608,,
210,83668.9921875,1,-0.01033089354397465,-0.01033089354397465,1.387349013724086,1.5240292178328945,1.760053671918608,0.13410071400176496,1.760053671918608,,
211,84033.8671875,1,0.004360934564412222,0.004360934564412222,1.3933991519909386,1.5306754095261161,1.760053671918608,0.13032458387615534,1.760053671918608,,
212,84895.75,1,0.01025637449930672,0.01025637449930672,1.407690375520774,1.5463745897630956,1.760053671918608,0.1214048671155488,1.760053671918608,,
213,84450.8046875,1,-0.005241078764249063,-0.005241078764249063,1.4003125593869943,1.5382699187391138,1.760053671918608,0.12600965340888215,1.760053671918608,,
214,85063.4140625,1,0.007254038339443714,0.007254038339443714,1.4104704803799921,1.5494285877060603,1.760053671918608,0.11966969392640649,1.760053671918608,,
215,85174.3046875,1,0.0013036230231544543,0.0013036230231544543,1.4123092021716952,1.5514484584857275,1.760053671918608,0.11852207507142837,1.760053671918608,,
216,87518.90625,1,0.027527099529631727,0.027527099529631727,1.4511859781464902,1.5941553346175579,1.760053671918608,0.09425754449874633,1.760053671918608,,
217,93441.890625,1,0.06767662701452015,0.06767662701452015,1.549397350318212,1.702042390601678,1.760053671918608,0.032959950166572355,1.760053671918608,,
218,93699.109375,1,0.0027527134594511615,0.0027527134594511615,1.5536623972584709,1.7067276255988437,1.760053671918608,0.030297966005567497,1.760053671918608,,
219,93943.796875,1,0.0026114175645013393,0.0026114175645013393,1.5577196585319768,1.7111846040981522,1.760053671918608,0.02776566908166176,1.760053671918608,,
220,94720.5,1,0.008267742531563593,0.008267742531563593,1.5705984836050744,1.7253322378288114,1.760053671918608,0.019727485953281894,1.760053671918608,,
221,94646.9296875,1,-0.0007767095032226168,-0.0007767095032226168,1.5693785848371113,1.7239921558834734,1.760053671918608,0.020488872930689895,1.760053671918608,,
222,93754.84375,1,-0.00942540809771053,-0.00942540809771053,1.5545865512152142,1.70774282625702,1.760053671918608,0.029721165039566483,1.760053671918608,,
223,94978.75,1,0.013054325526514532,0.013054325526514532,1.574880630113919,1.730036257026549,1.760053671918608,0.017054829276505732,1.760053671918608,,
224,94284.7890625,1,-0.007306486319308303,-0.007306486319308303,1.5633737863354482,1.7173957707826772,1.760053671918608,0.024236704719027106,1.760053671918608,,
225,94207.3125,1,-0.0008217291810309613,-0.0008217291810309613,1.5620891164743576,1.715984536562446,1.760053671918608,0.025038517892538397,1.760053671918608,,
226,96492.3359375,1,0.02425526614507767,0.02425526614507767,1.5999780037367723,1.7576061981976059,1.760053671918608,0.0013905676628225292,1.760053671918608,,
227,96910.0703125,1,0.0043291974532626565,0.0043291974532626565,1.6069046244358258,1.7652152224746815,1.7652152224746815,0.0,1.7652152224746815,,
228,95891.796875,1,-0.010507405827035687,-0.010507405827035687,1.5900202254215383,1.746667389760079,1.7652152224746815,0.010507405827035635,1.7652152224746815,,
229,94315.9765625,1,-0.016433317174712747,-0.016433317174712747,1.563890918742978,1.717963850545424,1.7652152224746815,0.026768051469109325,1.7652152224746815,,
230,94748.0546875,1,0.0045811763897039,0.0045811763897039,1.5710553788959956,1.7258341459759075,1.7652152224746815,0.022309504244794113,1.7652152224746815,,
231,96802.4765625,1,0.02168299794413664,0.02168299794413664,1.6051205694467223,1.763255404215024,1.7652152224746815,0.001110243235332025,1.7652152224746815,,
232,97032.3203125,1,0.0023743581586117557,0.0023743581586117557,1.6089317005663437,1.767442004069738,1.767442004069738,0.0,1.767442004069738,,
233,103241.4609375,1,0.06399043746457878,0.06399043746457878,1.7118879439362127,1.8805413911034323,1.8805413911034323,0.0,1.8805413911034323,,
234,102970.8515625,1,-0.002621130818400763,-0.002621130818400763,1.7074008616887129,1.875612246107933,1.8805413911034323,0.0026211308184007085,1.8805413911034323,,
235,104696.328125,1,0.016756941758927724,0.016756941758927724,1.7360116784871735,1.9070417712782952,1.9070417712782952,0.0,1.9070417712782952,,
236,104106.359375,1,-0.005635047193781384,-0.005635047193781384,1.7262291707499426,1.8962955008966296,1.9070417712782952,0.005635047193781388,1.9070417712782952,,
237,102812.953125,1,-0.01242389281274392,-0.01242389281274392,1.7047826845623135,1.8727361288522013,1.9070417712782952,0.01798893078419501,1.9070417712782952,,
238,104169.8125,1,0.013197358248725033,0.013197358248725033,1.7272813123867057,1.8974512984499943,1.9070417712782952,0.0050289788995405305,1.9070417712782952,,
239,103539.4140625,1,-0.006051642240404331,-0.006051642240404331,1.7168284238356053,1.8859686020231843,1.9070417712782952,0.011050187558810279,1.9070417712782952,,
240,103744.640625,1,0.00198211052629782,0.00198211052629782,1.7202313675263372,1.8897068002415216,1.9070417712782952,0.009089979725590351,1.9070417712782952,,
241,103489.2890625,1,-0.0024613470244020386,-0.0024613470244020386,1.7159972811685933,1.8850555760317549,1.9070417712782952,0.011528953155442907,1.9070417712782952,,
242,103191.0859375,1,-0.0028814878109744146,-0.0028814878109744146,1.7110526559192407,1.87962381136641,1.9070417712782952,0.01437722042842658,1.9070417712782952,,
243,106446.0078125,1,0.03154266519659865,0.03154266519659865,1.7650238169786523,1.9389121559438955,1.9389121559438955,0.0,1.9389121559438955,,
244,105606.1796875,1,-0.007889709931436006,-0.007889709931436006,1.7510982910406148,1.923614701450963,1.9389121559438955,0.007889709931435989,1.9389121559438955,,
245,106791.0859375,1,0.011220046530480143,0.011220046530480143,1.7707456953455347,1.9451977479079585,1.9451977479079585,0.0,1.9451977479079585,,
246,109678.078125,1,0.027034018449719976,0.027034018449719976,1.818616067143268,1.997784259713256,1.997784259713256,0.0,1.997784259713256,,
247,111673.28125,1,0.018191448638679386,0.018191448638679386,1.8516993279221818,2.034126849464992,2.034126849464992,0.0,2.034126849464992,,
248,107287.796875,1,-0.03927066820202352,-0.03927066820202352,1.77898185800544,1.9542453288788246,2.034126849464992,0.03927066820202353,2.034126849464992,,
249,107791.15625,1,0.004691674073487251,0.004691674073487251,1.7873282610658483,1.963414011021559,2.034126849464992,0.034763239304388224,2.034126849464992,,
250,109035.390625,1,0.011543009819045436,0.011543009819045436,1.8079594087331887,1.9860777182296323,2.034126849464992,0.02362150189797513,2.034126849464992,,
251,109440.3671875,1,0.003714175371671846,0.003714175371671846,1.814674487042088,1.993454359176907,2.034126849464992,0.01999506092689468,2.034126849464992,,
252,108994.640625,1,-0.004072780217708405,-0.004072780217708405,1.8072837166896827,1.9853354576979467,2.034126849464992,0.023986405656008118,2.034126849464992,,
253,107802.328125,1,-0.010939184653144474,-0.010939184653144474,1.787513506392193,1.9636175065277537,2.034126849464992,0.03466319858851634,2.034126849464992,,
254,105641.7578125,1,-0.020041963379443528,-0.020041963379443528,1.7516882261568198,1.9242627563706902,2.034126849464992,0.054010443411234454,2.034126849464992,,
255,103998.5703125,1,-0.015554336978341854,-0.015554336978341854,1.7244418772061827,1.8943321250232277,2.034126849464992,0.06872468375240826,2.034126849464992,,
256,104638.09375,1,0.006149348357177731,0.006149348357177731,1.735046071030829,1.9059810331641882,2.034126849464992,0.06299794741636097,2.034126849464992,,
257,105652.1015625,1,0.009690618169351017,0.009690618169351017,1.7518597400114215,1.9244511675946074,2.034126849464992,0.053917818300874804,2.034126849464992,,
258,105881.53125,1,0.0021715582000447764,0.0021715582000447764,1.7556640053951715,1.9286302253081833,2.034126849464992,0.0518633457812898,2.034126849464992,,
259,105432.46875,1,-0.004241178746647534,-0.004241178746647534,1.7482179205292354,1.9204505597864643,2.034126849464992,0.055884562808079644,2.034126849464992,,
260,104731.984375,1,-0.0066439151364365845,-0.0066439151364365845,1.7366029090252415,1.907691249243521,2.034126849464992,0.06215718565178245,2.034126849464992,,
261,101575.953125,1,-0.030134359325224014,-0.030134359325224014,1.6842714929594456,1.8502041956572313,2.034126849464992,0.09041847800993097,2.034126849464992,,
262,104390.34375,1,0.027707252931573167,0.027707252931573167,1.7309380292203114,1.901468271281364,2.034126849464992,0.06521647271826689,2.034126849464992,,
263,105615.625,0,0.011737496074678777,0.011737496074678777,1.751254907543797,1.9237867476516552,2.034126849464992,0.054244454736123146,2.034126849464992,,
264,105793.6484375,0,0.0016855786016509722,0.0,1.7542067853419891,1.9237867476516552,2.034126849464992,0.054244454736123146,2.034126849464992,,
265,110294.1015625,0,0.04253991795791734,0.0,1.8288305980716593,1.9237867476516552,2.034126849464992,0.054244454736123146,2.034126849464992,,
266,110257.234375,0,-0.0003342625487465778,-0.0,1.8282192884947222,1.9237867476516552,2.034126849464992,0.054244454736123146,2.034126849464992,,
267,108686.625,0,-0.014244955298426398,-0.0,1.8021763864543938,1.9237867476516552,2.034126849464992,0.054244454736123146,2.034126849464992,,
268,105929.0546875,0,-0.025371753999169577,-0.0,1.7564520105141606,1.9237867476516552,2.034126849464992,0.054244454736123146,2.034126849464992,,
269,106090.96875,0,0.0015285141831733462,0.0,1.7591367723242948,1.9237867476516552,2.034126849464992,0.054244454736123146,2.034126849464992,,
270,105472.40625,0,-0.0058304915798971235,-0.0,1.7488801401853706,1.9237867476516552,2.034126849464992,0.054244454736123146,2.034126849464992,,
271,105552.0234375,0,0.0007548627203146641,0.0,1.7502003046054952,1.9237867476516552,2.034126849464992,0.054244454736123146,2.034126849464992,,
272,106796.7578125,0,0.011792615001237072,0.0,1.7708397429727558,1.9237867476516552,2.034126849464992,0.054244454736123146,2.034126849464992,,
273,104601.1171875,0,-0.020559056941174436,-0.0,1.7344329478632843,1.9237867476516552,2.034126849464992,0.054244454736123146,2.034126849464992,,
274,104883.328125,0,0.0026979724986506692,0.0,1.739112400257373,1.9237867476516552,2.034126849464992,0.054244454736123146,2.034126849464992,,
275,104684.2890625,0,-0.0018977187896134229,-0.0,1.735812053978155,1.9237867476516552,2.034126849464992,0.054244454736123146,2.034126849464992,,
276,103309.6015625,0,-0.013131746055793259,-0.0,1.713017810884729,1.9237867476516552,2.034126849464992,0.054244454736123146,2.034126849464992,,
277,102257.40625,0,-0.010184874363913243,-0.0,1.6955709396977223,1.9237867476516552,2.034126849464992,0.054244454736123146,2.034126849464992,,
278,100987.140625,0,-0.012422235919953284,-0.0,1.6745081574657803,1.9237867476516552,2.034126849464992,0.054244454736123146,2.034126849464992,,
279,105577.7734375,0,0.04545759771084712,0.0,1.7506272756513916,1.9237867476516552,2.034126849464992,0.054244454736123146,2.034126849464992,,
280,106045.6328125,0,0.004431419225533917,0.0,1.7583850390174574,1.9237867476516552,2.034126849464992,0.054244454736123146,2.034126849464992,,
281,107361.2578125,0,0.012406215749838134,0.0,1.7801999431827955,1.9237867476516552,2.034126849464992,0.054244454736123146,2.034126849464992,,
282,106960.0,0,-0.003737454466123835,-0.0,1.7735465269545536,1.9237867476516552,2.034126849464992,0.054244454736123146,2.034126849464992,,
283,107088.4296875,0,0.0012007263229245613,0.0,1.7756760709543993,1.9237867476516552,2.034126849464992,0.054244454736123146,2.034126849464992,,
284,107327.703125,0,0.002234353778444831,0.0,1.7796435594928304,1.9237867476516552,2.034126849464992,0.054244454736123146,2.034126849464992,,
285,108385.5703125,0,0.009856422495764683,0.0,1.7971844783070583,1.9237867476516552,2.034126849464992,0.054244454736123146,2.034126849464992,,
286,107135.3359375,0,-0.011535062936840146,-0.0,1.7764538422406742,1.9237867476516552,2.034126849464992,0.054244454736123146,2.034126849464992,,
287,105698.28125,0,-0.013413452013053329,-0.0,1.7526254638743746,1.9237867476516552,2.034126849464992,0.054244454736123146,2.034126849464992,,
288,108859.3203125,0,0.02990624847553991,0.0,1.80503991648156,1.9237867476516552,2.034126849464992,0.054244454736123146,2.034126849464992,,
289,109647.9765625,0,0.007244728772290987,0.0,1.8181169410996276,1.9237867476516552,2.034126849464992,0.054244454736123146,2.034126849464992,,
290,108034.3359375,0,-0.014716556343200904,-0.0,1.7913605206974068,1.9237867476516552,2.034126849464992,0.054244454736123146,2.034126849464992,,
291,108231.1796875,0,0.0018220480395592098,0.0,1.7946244656222874,1.9237867476516552,2.034126849464992,0.054244454736123146,2.034126849464992,,
292,109232.0703125,0,0.009247710575546852,0.0,1.8112206332721577,1.9237867476516552,2.034126849464992,0.054244454736123146,2.034126849464992,,
293,108299.8515625,0,-0.008534295352390808,-0.0,1.7957631414394688,1.9237867476516552,2.034126849464992,0.054244454736123146,2.034126849464992,,
294,108950.2734375,0,0.006005750382996888,0.0,1.8065480466139405,1.9237867476516552,2.034126849464992,0.054244454736123146,2.034126849464992,,
295,111326.5546875,0,0.021810695604753683,0.0,1.8459501161539995,1.9237867476516552,2.034126849464992,0.054244454736123146,2.034126849464992,,
296,115987.203125,0,0.041864660687494615,0.0,1.923230191412828,1.9237867476516552,2.034126849464992,0.054244454736123146,2.034126849464992,,
297,117516.9921875,0,0.013189291760499877,0.0,1.9485962355299737,1.9237867476516552,2.034126849464992,0.054244454736123146,2.034126849464992,,
298,117435.2265625,0,-0.0006957770402219454,-0.0,1.947240447008629,1.9237867476516552,2.034126849464992,0.054244454736123146,2.034126849464992,,
299,119116.1171875,0,0.014313342548076147,0.0,1.9751119665501324,1.9237867476516552,2.034126849464992,0.054244454736123146,2.034126849464992,,
300,119849.703125,0,0.006158578325259345,0.0,1.9872758482972885,1.9237867476516552,2.034126849464992,0.054244454736123146,2.034126849464992,,
301,117777.1875,0,-0.01729262210051885,-0.0,1.9529106380431955,1.9237867476516552,2.034126849464992,0.054244454736123146,2.034126849464992,,
302,118738.5078125,1,0.00816219450392297,0.0,1.9688506745196843,1.9237867476516552,2.034126849464992,0.054244454736123146,2.034126849464992,,
303,119289.84375,1,0.004643278306736054,0.004643278306736054,1.9779925961458842,1.9327194249238124,2.034126849464992,0.04985304852932409,2.034126849464992,,
304,118003.2265625,1,-0.01078563897020779,-0.01078563897020779,1.9566586821181107,1.9118738109758766,2.034126849464992,0.060100990516530325,2.034126849464992,,
305,117939.9765625,1,-0.0005360022928398989,-0.0005360022928398989,1.9556099085781902,1.910849042229573,2.034126849464992,0.06060477854065142,2.034126849464992,,
306,117300.7890625,1,-0.00541960002562214,-0.00541960002562214,1.945011285067553,1.9004930047113455,2.034126849464992,0.06569592490694183,2.034126849464992,,
307,117439.5390625,1,0.0011828564931994912,0.0011828564931994912,1.9473119542954413,1.9027410152022486,2.034126849464992,0.06459077726509524,2.034126849464992,,
308,119995.4140625,1,0.02176332622218302,0.02176332622218302,1.9896919396131298,1.9441509886324229,2.034126849464992,0.04423316119947683,2.034126849464992,,
309,118754.9609375,1,-0.010337504434577038,-0.010337504434577038,1.969123490363937,1.924053319165948,2.034126849464992,0.05411340513399889,2.034126849464992,,
310,118368.0,1,-0.0032584822936673197,-0.0032584822936673197,1.9627071363365416,1.917783825493374,2.034126849464992,0.057195559855187,2.034126849464992,,
311,117635.8828125,0,-0.006185093838706357,-0.006185093838706357,1.9505676085204013,1.905922152570344,2.034126849464992,0.06302689378903172,2.034126849464992,,
312,117947.3671875,0,0.002647868724685587,0.0,1.9557324554863873,1.905922152570344,2.034126849464992,0.06302689378903172,2.034126849464992,,
313,119448.4921875,0,0.012727075099638885,0.0,1.9806232093221636,1.905922152570344,2.034126849464992,0.06302689378903172,2.034126849464992,,
314,117924.4765625,0,-0.012758768211219684,-0.0,1.9553528968806602,1.905922152570344,2.034126849464992,0.06302689378903172,2.034126849464992,,
315,117922.1484375,0,-1.9742508661990676e-05,-0.0,1.9553142933091563,1.905922152570344,2.034126849464992,0.06302689378903172,2.034126849464992,,
316,117831.1875,0,-0.0007713643170961237,-0.0,1.9538060336345895,1.905922152570344,2.034126849464992,0.06302689378903172,2.034126849464992,,
317,115758.203125,0,-0.017592832754910526,-0.0,1.9194330508493211,1.905922152570344,2.034126849464992,0.06302689378903172,2.034126849464992,,
318,113320.0859375,0,-0.021062154747402473,-0.0,1.879005654905054,1.905922152570344,2.034126849464992,0.06302689378903172,2.034126849464992,,
319,112526.9140625,0,-0.006999393518263508,-0.0,1.8658537549033312,1.905922152570344,2.034126849464992,0.06302689378903172,2.034126849464992,,
320,114217.671875,0,0.015025363723748075,0.0,1.8938888862260748,1.905922152570344,2.034126849464992,0.06302689378903172,2.034126849464992,,
321,115071.8828125,0,0.007478798363486527,0.0,1.9080528993290076,1.905922152570344,2.034126849464992,0.06302689378903172,2.034126849464992,,
322,114141.4453125,0,-0.008085706753543476,-0.0,1.8926249431147848,1.905922152570344,2.034126849464992,0.06302689378903172,2.034126849464992,,
323,115028.0,0,0.007767158415357134,0.0,1.9073252608688136,1.905922152570344,2.034126849464992,0.06302689378903172,2.034126849464992,,
324,117496.8984375,0,0.021463456180234486,0.0,1.9482630530269256,1.905922152570344,2.034126849464992,0.06302689378903172,2.034126849464992,,
325,116688.7265625,0,-0.0068782400705657,-0.0,1.9348624320275931,1.905922152570344,2.034126849464992,0.06302689378903172,2.034126849464992,,
326,116500.359375,0,-0.0016142706587778388,-0.0,1.9317390403747994,1.905922152570344,2.034126849464992,0.06302689378903172,2.034126849464992,,
327,119306.7578125,0,0.02408918266480664,0.0,1.9782730549791263,1.905922152570344,2.034126849464992,0.06302689378903172,2.034126849464992,,
328,118731.4453125,0,-0.004822128356753663,-0.0,1.9687335683833098,1.905922152570344,2.034126849464992,0.06302689378903172,2.034126849464992,,
329,120172.90625,0,0.012140515376580119,0.0,1.9926350085426567,1.905922152570344,2.034126849464992,0.06302689378903172,2.034126849464992,,
330,123344.0625,0,0.026388279596092357,0.0,2.045217218281042,1.905922152570344,2.034126849464992,0.06302689378903172,2.034126849464992,,
331,118359.578125,0,-0.040411222672351976,-0.0,1.9625674898597587,1.905922152570344,2.034126849464992,0.06302689378903172,2.034126849464992,,
332,117398.3515625,0,-0.008121240187970669,-0.0,1.946629007889505,1.905922152570344,2.034126849464992,0.06302689378903172,2.034126849464992,,
333,117491.3515625,0,0.0007921746665282559,0.0,1.9481710780746841,1.905922152570344,2.034126849464992,0.06302689378903172,2.034126849464992,,
334,117453.0625,0,-0.00032588834829794244,-0.0,1.9475361918198486,1.905922152570344,2.034126849464992,0.06302689378903172,2.034126849464992,,
335,116252.3125,0,-0.01022323279139703,-0.0,1.9276260759612034,1.905922152570344,2.034126849464992,0.06302689378903172,2.034126849464992,,
336,112831.1796875,0,-0.029428514056440758,-0.0,1.8708989048892173,1.905922152570344,2.034126849464992,0.06302689378903172,2.034126849464992,,
337,114274.7421875,0,0.012794003430595335,0.0,1.894835191896667,1.905922152570344,2.034126849464992,0.06302689378903172,2.034126849464992,,
338,112419.03125,0,-0.01623902974513114,-0.0,1.8640649068533357,1.905922152570344,2.034126849464992,0.06302689378903172,2.034126849464992,,
339,116874.0859375,0,0.03962900798880531,0.0,1.9379359499386781,1.905922152570344,2.034126849464992,0.06302689378903172,2.034126849464992,,
340,115374.328125,0,-0.012832252765613172,-0.0,1.9130678659854963,1.905922152570344,2.034126849464992,0.06302689378903172,2.034126849464992,,
341,113458.4296875,0,-0.016605933647771742,-0.0,1.881299587939257,1.905922152570344,2.034126849464992,0.06302689378903172,2.034126849464992,,
342,110124.3515625,0,-0.029385900493979156,-0.0,1.82601590544871,1.905922152570344,2.034126849464992,0.06302689378903172,2.034126849464992,,
343,111802.65625,0,0.015240086898922645,0.0,1.8538445465265632,1.905922152570344,2.034126849464992,0.06302689378903172,2.034126849464992,,
344,111222.0625,0,-0.005193022862549412,-0.0,1.8442174894128383,1.905922152570344,2.034126849464992,0.06302689378903172,2.034126849464992,,
345,112544.8046875,0,0.01189280397942638,0.0,1.866150406509855,1.905922152570344,2.034126849464992,0.06302689378903172,2.034126849464992,,
346,108410.8359375,0,-0.036731759955323295,-0.0,1.797603417737406,1.905922152570344,2.034126849464992,0.06302689378903172,2.034126849464992,,
347,108808.0703125,0,0.003664157476186425,0.0,1.8041901197397268,1.905922152570344,2.034126849464992,0.06302689378903172,2.034126849464992,,
348,108236.7109375,0,-0.00525107534173741,-0.0,1.7947161814901553,1.905922152570344,2.034126849464992,0.06302689378903172,2.034126849464992,,
349,109250.59375,0,0.009367272930950854,0.0,1.8115277777957675,1.905922152570344,2.034126849464992,0.06302689378903172,2.034126849464992,,
350,111200.5859375,0,0.017848801737061493,0.0,1.8438613779428237,1.905922152570344,2.034126849464992,0.06302689378903172,2.034126849464992,,
351,111723.2109375,0,0.004699840343410866,0.0,1.8525272320345365,1.905922152570344,2.034126849464992,0.06302689378903172,2.034126849464992,,
352,110723.6015625,0,-0.008947195185422974,-0.0,1.8359523093032122,1.905922152570344,2.034126849464992,0.06302689378903172,2.034126849464992,,
353,110650.984375,0,-0.0006558419928113235,-0.0,1.8347482146819722,1.905922152570344,2.034126849464992,0.06302689378903172,2.034126849464992,,
354,110224.6953125,0,-0.0038525555367432407,-0.0,1.8276797452889695,1.905922152570344,2.034126849464992,0.06302689378903172,2.034126849464992,,
355,111167.6171875,0,0.008554542812086785,0.0,1.8433147099168279,1.905922152570344,2.034126849464992,0.06302689378903172,2.034126849464992,,
356,112071.4296875,0,0.008130177859939192,0.0,1.8583011863602938,1.905922152570344,2.034126849464992,0.06302689378903172,2.034126849464992,,
357,111530.546875,0,-0.004826232823193166,-0.0,1.849332592179303,1.905922152570344,2.034126849464992,0.06302689378903172,2.034126849464992,,
358,113955.359375,0,0.02174124101370767,0.0,1.889539377780378,1.905922152570344,2.034126849464992,0.06302689378903172,2.034126849464992,,
359,115507.5390625,0,0.013620945043858246,0.0,1.9152766898033307,1.905922152570344,2.034126849464992,0.06302689378903172,2.034126849464992,,
360,116101.578125,0,0.005142859655061782,0.0,1.9251266890196004,1.905922152570344,2.034126849464992,0.06302689378903172,2.034126849464992,,
361,115950.5078125,0,-0.0013011908618274504,-0.0,1.922621731763988,1.905922152570344,2.034126849464992,0.06302689378903172,2.034126849464992,,
362,115407.65625,0,-0.004681752350561785,-0.0,1.9136204929520608,1.905922152570344,2.034126849464992,0.06302689378903172,2.034126849464992,,
363,115444.875,0,0.0003224981011604733,0.0,1.9142376319273797,1.905922152570344,2.034126849464992,0.06302689378903172,2.034126849464992,,
364,116843.1875,0,0.012112382641498831,0.0,1.9374236105920408,1.905922152570344,2.034126849464992,0.06302689378903172,2.034126849464992,,
365,116468.5078125,0,-0.0032066883445814875,-0.0,1.9312108968814383,1.905922152570344,2.034126849464992,0.06302689378903172,2.034126849464992,,
366,117137.203125,0,0.005741425944741474,0.0,1.9422988012295608,1.905922152570344,2.034126849464992,0.06302689378903172,2.034126849464992,,
367,115688.859375,0,-0.012364506846338497,-0.0,1.9182832344041227,1.905922152570344,2.034126849464992,0.06302689378903172,2.034126849464992,,
368,115721.9609375,0,0.0002861257573012477,0.0,1.918832104647285,1.905922152570344,2.034126849464992,0.06302689378903172,2.034126849464992,,
369,115306.09375,0,-0.003593675600818802,-0.0,1.9119364445307463,1.905922152570344,2.034126849464992,0.06302689378903172,2.034126849464992,,
370,112748.5078125,0,-0.02218083931492132,-0.0,1.8695280894742679,1.905922152570344,2.034126849464992,0.06302689378903172,2.034126849464992,,
371,112014.5,0,-0.00651013327573835,-0.0,1.8573572124490538,1.905922152570344,2.034126849464992,0.06302689378903172,2.034126849464992,,
372,113328.6328125,0,0.011731809832655538,0.0,1.8791473740568174,1.905922152570344,2.034126849464992,0.06302689378903172,2.034126849464992,,
373,109049.2890625,0,-0.03776048156409062,-0.0,1.8081898642825356,1.905922152570344,2.034126849464992,0.06302689378903172,2.034126849464992,,
374,109712.828125,0,0.0060847628462732395,0.0,1.8191922707877297,1.905922152570344,2.034126849464992,0.06302689378903172,2.034126849464992,,
375,109681.9453125,0,-0.0002814877077529365,-0.0,1.818680190525464,1.905922152570344,2.034126849464992,0.06302689378903172,2.034126849464992,,
376,112122.640625,0,0.02225248016477188,0.0,1.8591503353911953,1.905922152570344,2.034126849464992,0.06302689378903172,2.034126849464992,,
377,114400.3828125,0,0.02031473906432546,0.0,1.8969184893360207,1.905922152570344,2.034126849464992,0.06302689378903172,2.034126849464992,,
378,114056.0859375,0,-0.003009577997342028,-0.0,1.8912095651877638,1.905922152570344,2.034126849464992,0.06302689378903172,2.034126849464992,,
379,118648.9296875,0,0.04026829179914837,0.0,1.9673653438120853,1.905922152570344,2.034126849464992,0.06302689378903172,2.034126849464992,,
380,120681.2578125,0,0.017128920845327356,0.0,2.0010641890600827,1.905922152570344,2.034126849464992,0.06302689378903172,2.034126849464992,,
381,122266.53125,0,0.013136036748664148,0.0,2.0273502417840117,1.905922152570344,2.034126849464992,0.06302689378903172,2.034126849464992,,
382,122425.4296875,0,0.001299606980548873,0.0,2.0299850003102518,1.905922152570344,2.034126849464992,0.06302689378903172,2.034126849464992,,
383,123513.4765625,0,0.008887425412982486,0.0,2.0480263405899826,1.905922152570344,2.034126849464992,0.06302689378903172,2.034126849464992,,
384,124752.53125,0,0.010031736794915869,0.0,2.068571601787836,1.905922152570344,2.034126849464992,0.06302689378903172,2.034126849464992,,
385,121451.3828125,0,-0.026461574802715715,-0.0,2.0138339396123537,1.905922152570344,2.034126849464992,0.06302689378903172,2.034126849464992,,
386,123354.8671875,0,0.01567280940669602,0.0,2.045396375124634,1.905922152570344,2.034126849464992,0.06302689378903172,2.034126849464992,,
387,121705.5859375,0,-0.013370216251727518,-0.0,2.018048983268718,1.905922152570344,2.034126849464992,0.06302689378903172,2.034126849464992,,
388,113214.3671875,0,-0.06976852117831744,-0.0,1.8772526900406523,1.905922152570344,2.034126849464992,0.06302689378903172,2.034126849464992,,
389,110807.8828125,0,-0.02125599811033263,-0.0,1.8373498104085313,1.905922152570344,2.034126849464992,0.06302689378903172,2.034126849464992,,
390,115169.765625,0,0.03936437283871608,0.0,1.909675933380597,1.905922152570344,2.034126849464992,0.06302689378903172,2.034126849464992,,
391,115271.078125,0,0.000879679657679322,0.0,1.9113558364519518,1.905922152570344,2.034126849464992,0.06302689378903172,2.034126849464992,,
392,113118.6640625,0,-0.01867262888064536,-0.0,1.875665798259029,1.905922152570344,2.034126849464992,0.06302689378903172,2.034126849464992,,
